duration,x^0,x^1,x^2,x^3,x^4,x^5,x^6,x^7,y^0,y^1,y^2,y^3,y^4,y^5,y^6,y^7,z^0,z^1,z^2,z^3,z^4,z^5,z^6,z^7,yaw^0,yaw^1,yaw^2,yaw^3,yaw^4,yaw^5,yaw^6,yaw^7
2.5,1.2757281346657212,0.01735876635338776,-1.2390954011222781,0.6511471010545373,-0.2237937828763926,0.04306758044492196,0.0037209656078832465,-0.0015489015639841492,-0.1232667656520388,-0.025188639706696263,0.4397204570740958,-0.8658301909518311,1.1499324723150968,-0.8246905064747091,0.2785101853411675,-0.035125236040863816,0,0,0,0,0,0,0,0,0,0,0,0,0,0,0,0
0,-0.8241096138968751,0,0,0,0,0,0,0,-0.026619297604459635,0,0,0,0,0,0,0,0,0,0,0,0,0,0,0,0,0,0,0,0,0,0,0
