duration,x^0,x^1,x^2,x^3,x^4,x^5,x^6,x^7,y^0,y^1,y^2,y^3,y^4,y^5,y^6,y^7,z^0,z^1,z^2,z^3,z^4,z^5,z^6,z^7,yaw^0,yaw^1,yaw^2,yaw^3,yaw^4,yaw^5,yaw^6,yaw^7
2.5,-0.8246403168022762,0.027446446102036254,0.92323270089483,0.04105498024534487,-0.4069911109245165,0.22640122386422715,-0.05573475284224868,0.004940902348427127,0.4747459111851346,0.03493054102261363,-0.7494729130013411,0.29856318115849845,0.5835646314044004,-0.6397608094697463,0.23253031379273512,-0.02909425847630499,0,0,0,0,0,0,0,0,0,0,0,0,0,0,0,0
0,1.275638568276319,0,0,0,0,0,0,0,-0.1258618524478517,0,0,0,0,0,0,0,0,0,0,0,0,0,0,0,0,0,0,0,0,0,0,0
