duration,x^0,x^1,x^2,x^3,x^4,x^5,x^6,x^7,y^0,y^1,y^2,y^3,y^4,y^5,y^6,y^7,z^0,z^1,z^2,z^3,z^4,z^5,z^6,z^7,yaw^0,yaw^1,yaw^2,yaw^3,yaw^4,yaw^5,yaw^6,yaw^7
2.5,-0.824109613897118,0.011380004011469342,0.9853454424637824,-0.15009594454355119,-0.1836640442538555,0.10441126536692874,-0.023384811635495998,0.0015489015480336101,-0.026619297597274716,0.1014052992040688,-0.6340436479378548,1.8980128444818682,-2.257482432643815,1.2572249509216833,-0.336181443776016,0.03512523587108187,0,0,0,0,0,0,0,0,0,0,0,0,0,0,0,0
0,1.2757281346638303,0,0,0,0,0,0,0,-0.12326676565592438,0,0,0,0,0,0,0,0,0,0,0,0,0,0,0,0,0,0,0,0,0,0,0
