duration,x^0,x^1,x^2,x^3,x^4,x^5,x^6,x^7,y^0,y^1,y^2,y^3,y^4,y^5,y^6,y^7,z^0,z^1,z^2,z^3,z^4,z^5,z^6,z^7,yaw^0,yaw^1,yaw^2,yaw^3,yaw^4,yaw^5,yaw^6,yaw^7
2.5,1.275638568276315,0.017721398266349477,-1.1802022274188824,0.5407499711986546,-0.10005291978705384,-0.038873364461187346,0.030731038255123907,-0.004940902348416087,-0.12586185244781517,0.06827041433270842,-0.006930884224289273,0.9624245469998087,-1.524651173127576,0.9704275275936841,-0.2766192095425997,0.02909425847630643,0,0,0,0,0,0,0,0,0,0,0,0,0,0,0,0
0,-0.8246403168022838,0,0,0,0,0,0,0,0.47474591118516934,0,0,0,0,0,0,0,0,0,0,0,0,0,0,0,0,0,0,0,0,0,0,0
